{"zone": 10, "path": [[494303.17670494836, 4876927.793003914, 0.0], [493699.9302668088, 4876931.673139034, 0.6035000462708172], [493698.89700864354, 4876688.433520799, 0.8468390758287361], [491829.7953466242, 4876689.371076688, 2.7166876919694936], [491720.6373741168, 4876529.567963298, 2.9102914508821214], [491545.98647966946, 4876534.232011438, 3.0850743726531515], [490215.3426628882, 4876610.485858534, 4.418433269714706], [489811.419851189, 4877043.154946639, 5.010578326593029], [489658.31641454966, 4876985.637126349, 5.174194659260988], [489350.84858753, 4877087.198695492, 5.498131169795108], [489249.838224329, 4877044.045484863, 5.608017096857418], [489153.6022388611, 4876982.004241872, 5.722563758377317], [489148.72596769, 4876452.213326054, 6.252588357074643], [489415.38054465933, 4876364.036092468, 6.533555981227165], [489285.12881974824, 4876082.1312427325, 6.844221044555554], [489023.48978962953, 4875819.327797642, 7.2152066456815245], [489052.88250275044, 4875666.004081143, 7.371384527801268], [488955.9672761004, 4875210.783570254, 7.836992762451097], [489039.9621379437, 4875122.89941138, 7.958609160076639], [489030.0656246681, 4874954.091460434, 8.127774372298985], [488933.4567505438, 4874688.798543468, 8.41022291108892], [489043.7903766484, 4874532.007941332, 8.602019978752638], [488986.20831404114, 4874123.371421877, 9.014858099757921], [489278.7608610198, 4874132.886464646, 9.307682043184405], [489408.87997941725, 4874308.164872533, 9.52606591959932], [489631.80421117716, 4874385.5592826735, 9.762136950264754], [489814.4463474872, 4874329.740963948, 9.953194365781908], [489991.65467660845, 4874388.3364830995, 10.13991347216963]]}