{"zone": 10, "path": [[500271.4358178677, 5048770.853167107, 0.0], [500006.2398573166, 5048817.508820615, 0.2693764766311152], [500074.8720507032, 5049338.56335356, 0.7951419217622878], [498981.4529307431, 5049490.851488882, 1.8995569790031817], [498901.06778438145, 5049174.232944379, 2.2263512413941045], [498572.7619281596, 5049384.276338153, 2.6162544996980825], [498120.450309858, 5049507.715826823, 3.0852950680416096], [497596.41646760725, 5049654.546018657, 3.629728365780027], [497597.2347616358, 5049754.534875147, 3.7297605763539985], [497407.7389874027, 5049782.385324737, 3.9213686531480083], [496854.8861748541, 5049920.401829001, 4.491416572922211], [496751.5762276441, 5049207.198628406, 5.212351614605517], [496534.999896994, 5048241.86520684, 6.202077404163612], [496491.3218543481, 5048250.777455296, 6.246673252446365], [496134.10497303633, 5048327.6461825445, 6.612213304887955], [495990.66384945315, 5048463.2770873755, 6.809703250972418], [495463.37239132816, 5048472.525129401, 7.337286714944015], [495419.8446979182, 5048682.533807836, 7.551844637838369], [495359.81195374666, 5048719.240699749, 7.622238438006575], [493917.9065188503, 5049033.775616269, 9.098641293835836], [493495.3300446944, 5049187.517492879, 9.54849583183461], [492982.67162465665, 5049669.13094998, 10.25217592388628], [493062.1873715487, 5050343.414677951, 10.931403244772579], [492633.35917406506, 5050392.788904583, 11.36323695754742], [491076.9407113157, 5050419.2582216645, 12.920502105174041], [491084.7018150799, 5052033.523624482, 14.535430556384226], [491123.69826526917, 5052045.689080294, 14.576296850032763], [489383.65665451717, 5054789.240512885, 17.826411219790714], [488090.77120429603, 5055949.239320044, 19.564098113716163], [487448.2474385574, 5056451.5622310825, 20.379999513547865], [486494.3784689242, 5058457.814437345, 22.602350427893132], [485579.54914109246, 5059236.460300376, 23.80416172626831], [485496.62535144057, 5059406.637679586, 23.993542816310654], [485532.38449087157, 5059716.527445815, 24.305612961624664], [485607.52997282933, 5059888.560705717, 24.493416891321388], [485840.2854197026, 5060210.22186083, 24.890615070830577], [485877.15726714866, 5060333.4608497135, 25.019302855363623], [485763.8421368406, 5060488.149723472, 25.211131469331992], [485452.50627502985, 5060521.088059368, 25.524329348023556], [485357.70387789106, 5060596.85911871, 25.645739646980086], [485317.50381254277, 5060716.943405773, 25.772424425417135], [485521.64199530665, 5061125.319786384, 26.229162238190654], [485535.84274953435, 5061541.918144746, 26.64616828724819], [485603.172461599, 5061709.525829421, 26.826865755291863], [485574.8793489277, 5061928.461761906, 27.047710052794287], [485612.58899582375, 5062079.473012075, 27.20342030973238], [485725.029877072, 5062236.978930416, 27.39702003972249], [485737.6150980221, 5062294.723059032, 27.456143213945897], [485700.62386535807, 5062454.794540682, 27.620498624392393], [485479.2538098839, 5062644.179899979, 27.911941619586866], [485440.60319425655, 5062756.483083224, 28.030756993582003], [485455.0941943398, 5062963.098880508, 28.237962670913227], [485489.47041626775, 5063020.791725092, 28.305147310694206], [485454.8038083466, 5063171.971321146, 28.46031230720402], [485537.275228316, 5063499.530269558, 28.798228185403453], [485160.5156075909, 5064097.035299088, 29.504880038603254], [485080.3331682612, 5064404.9801406395, 29.823219092206482], [484803.05894991674, 5064604.523981826, 30.164966805617095], [484788.483035285, 5064688.997358178, 30.25072255004783], [484803.30359405465, 5065023.379291778, 30.585565746772332], [484940.28561722115, 5065369.6858834475, 30.958127914694522], [484946.4540176344, 5065668.53661656, 31.257161079683], [484913.217955243, 5065756.388091884, 31.351126661003132], [484779.6445134986, 5065846.706436006, 31.51243361185651], [484550.0852713362, 5065810.608344188, 31.74490604282651], [484460.7225971234, 5065847.494716413, 31.841620665360868], [484201.815008653, 5066201.453037041, 32.28033745005737], [484202.94349735044, 5066645.860963059, 32.72492327905357], [483992.0564840801, 5066904.158508984, 33.058508752538785], [483975.6535000438, 5067178.624725834, 33.33357383858522], [484084.70665126806, 5067247.228486734, 33.46246235129042], [484148.4370515345, 5067231.511336076, 33.52812828532267], [484338.6007009895, 5067084.37387139, 33.768664292019466], [484381.4859999791, 5067128.707157844, 33.83037014044076], [484350.433981419, 5067151.005771477, 33.86861431765871], [484455.5644704775, 5067207.404575272, 33.987964863936206], [484324.9100343576, 5067206.621454285, 34.118673538334235], [484312.74724695925, 5067317.754955038, 34.230515018861475], [484374.99191455566, 5067329.819580862, 34.29394330469541], [484245.9741770193, 5067360.142818518, 34.426529236265814], [484133.4275488178, 5067444.867108524, 34.56745727498536], [483755.7438386337, 5067842.479667628, 35.116073314937765], [483586.16010634025, 5068112.905332509, 35.435400064978666], [483604.4251961751, 5068257.2911240645, 35.58099431227833], [483718.33260724467, 5068403.647861924, 35.76652732695312], [483724.81467409787, 5068503.623678612, 35.866752822672474], [483697.7702195526, 5068568.134340489, 35.93673076793269], [483509.3372093584, 5068758.617696255, 36.204775353601285], [483475.41096250183, 5068865.366839797, 36.31683037943803], [483299.3111850404, 5069589.119751213, 37.06199463545857], [483441.61926313414, 5069897.606295069, 37.40185804738053], [483427.0510544148, 5069973.195431609, 37.4788687782734], [483185.413035165, 5070303.821784553, 37.888546467746046], [483022.65020379424, 5070760.899868031, 38.37393178038492], [482845.99376964086, 5070962.482643469, 38.64207372918988], [482747.1916549688, 5071208.29532031, 38.907104672278365], [482576.9737160416, 5071480.974513966, 39.228678981840076], [482481.32453816244, 5072286.74623742, 40.04042952087198], [482310.85861049197, 5072730.534228802, 40.51601926316497], [482103.41737222904, 5073006.666684807, 40.8615269369769], [482093.435412499, 5073047.803969018, 40.9038747277539], [482042.91139014345, 5073309.044513132, 41.17006152625844], [482067.87552149413, 5073613.397688137, 41.47555779754874], [481833.52609496214, 5074237.373932557, 42.14235467063408], [481837.6410062552, 5074316.245944874, 42.221365234814584], [482134.9778247892, 5075063.115123896, 43.02556351861943], [482419.9931668292, 5075597.824354707, 43.63173079059628], [483142.73149351246, 5076337.996139963, 44.666648092533535], [483327.65702867525, 5076377.493884356, 44.85581971002998], [483487.4766218923, 5076321.514046842, 45.025226925417385], [483612.5713421952, 5076347.847325531, 45.15311399736564], [483915.07666687464, 5076512.601066965, 45.4977115533298], [484139.6399062817, 5076569.797017921, 45.72953621425564], [484505.5467704581, 5076946.627265253, 46.25499605253662], [484675.8156586386, 5077978.365863841, 47.30110548455578], [484752.9411809045, 5078087.058276991, 47.434434037691744], [485294.0804594774, 5078102.416504402, 47.97600634860426], [485529.4062293271, 5077811.879612777, 48.350039862525186], [485984.75084242545, 5077643.0655584335, 48.83586339508522], [486688.62770616915, 5077862.6121581765, 49.57347848531496], [486740.88584913994, 5077975.826766457, 49.69822158006358], [486716.2048725339, 5078051.430691161, 49.777783755280836], [486531.715801583, 5078179.5990544725, 50.0025136353639], [486358.5235432844, 5078146.313112553, 50.178945687643115], [486208.49716244073, 5077709.22646786, 50.641247110155554], [485911.79113350436, 5077652.119294294, 50.943519073448684], [485444.92114415806, 5077870.962843643, 51.459340319049815], [485294.0804594774, 5078102.416504402, 51.73571760187872], [484726.51048222656, 5078072.679735969, 52.30429190301506], [484660.0826440005, 5077895.076264849, 52.493986987309576], [484505.5467704581, 5076946.627265253, 53.455324924884806], [484410.49066838925, 5076816.8732324485, 53.616235855174324], [484139.6399062817, 5076569.797017921, 53.9829967613298], [483843.54961025785, 5076479.45564736, 